Module,Date,Horaire,Moniteur
1,14.03.2026,13h30 - 17h30,Maxime
2,21.03.2026,13h30 - 17h30,Maxime
3,28.03.2026,09h00 - 13h00,Maxime
1,03.04.2026,09h00 - 13h00,Maxime
2,04.04.2026,09h00 - 13h00,Maxime
3,05.04.2026,09h00 - 13h00,Maxime
1,18.04.2026,13h30 - 17h30,Maxime
2,19.04.2026,09h00 - 13h00,Maxime
3,25.04.2026,09h00 - 13h00,Maxime
1,02.05.2026,13h30 - 17h30,Maxime
2,09.05.2026,13h30 - 17h30,Maxime
3,16.05.2026,09h00 - 13h00,Maxime
1,23.05.2026,13h30 - 17h30,Maxime
2,24.05.2026,09h00 - 13h00,Maxime
3,25.05.2026,09h00 - 13h00,Maxime
1,Juin 2026,13h30 - 17h30,Maxime
2,Juin 2026,13h30 - 17h30,Maxime
3,Juin 2026,08h00 - 12h00,Maxime
1,Juillet 2026,08h00 - 12h00,Maxime
2,Juillet 2026,09h00 - 13h00,Maxime
3,Juillet 2026,09h00 - 13h00,Maxime
